"Gene","baseMean","log2FoldChange","lfcSE","stat","pvalue","padj","negLogPadj"
"LOC100358069",310.537587722404,5.4705976754827,0.237116911485661,23.0713095966313,8.99012347782224e-118,1.5686866456452e-113,112.804463800619
"LOC100352749",219.29312192149,-8.19569923918746,0.512049603130224,-16.0056744289735,1.16642389953216e-57,1.01764653114683e-53,52.9924030434426
"LOC100357982",4952.66703114973,4.93378776014359,0.429963411229759,11.4749014248264,1.7637856412407e-30,1.0258765218003e-26,25.9889049093294
"LOC103346238",92.0435203177618,4.71303083011765,0.50990933397301,9.24288008888874,2.39949832587549e-20,1.04672115720504e-16,15.9801689974196
"LOC108176666",7.52202247353609,-6.17462302711217,0.768497721902684,-8.03466666345443,9.38336527039848e-16,3.15347527735384e-12,11.5012105694434
"DHRS3",79.7449157373925,-5.90686182777326,0.736799967656621,-8.01691379895133,1.08435163414081e-15,3.15347527735384e-12,11.5012105694434
"RAD9B",55.1669654890358,2.2960233996019,0.306383417806537,7.49395452286422,6.68288875411931e-14,1.45762157338285e-10,9.83635521259131
"LOC100351365",53.4950281867687,-2.03597101491344,0.280913107717815,-7.24768961994694,4.23940714531849e-13,8.21926836429581e-10,9.0851668393323
"LOC103352209",63.7384535218137,3.66016662114566,0.518481748336838,7.05939337862245,1.67231034290228e-12,2.91801431733018e-09,8.53491258155763
"LOC103351305",11.5849819498711,4.77091999769986,0.683910631123999,6.97594068666386,3.03830901358205e-12,4.07811184446101e-09,8.38954086762944
"LOC100351756",85.2331513578726,-4.66141047711621,0.667447302257737,-6.98393784999702,2.87019074318003e-12,4.07811184446101e-09,8.38954086762944
"PLEKHB2",4355.57446916599,1.15949849263939,0.166034734535024,6.98346942816837,2.87978136660887e-12,4.07811184446101e-09,8.38954086762944
"LOC108176261",15.0075662936664,-6.64852216026139,0.960548035049638,-6.92159258846208,4.4659409306351e-12,5.56615737847513e-09,8.25444451851275
"LOC103349154",30.1294332183495,2.11506669750832,0.308319434216649,6.85998501159064,6.88677732805867e-12,8.01115850648639e-09,8.09630467535233
"LOC100349056",85.9438170955715,1.60712253495261,0.236522363909973,6.79480159247997,1.08461692458366e-11,1.18284254481627e-08,7.92707306303784
"LOC108176303",12.7563294095679,-6.72985586538618,1.05014181406499,-6.40852099711715,1.46938045990809e-10,1.5081893908786e-07,6.82154411851338
"LOC103346435",49.7290157053059,2.57899717463172,0.40520655684228,6.36464818025033,1.95737873720079e-10,1.89746119918981e-07,6.72182709614397
"LOC108176648",9.79364691210787,-4.34050669697292,0.71972060559524,-6.03082177059963,1.63128018929069e-09,1.35543847728253e-06,5.86792019005921
"LOC103345474",65.892628137176,-1.12475033969964,0.18690505465028,-6.01776309262567,1.76843749364176e-09,1.40261208302523e-06,5.85306242412212
"SLC4A1",652.232511826088,2.2021155323825,0.381575468349107,5.7711140129369,7.87491678755488e-09,5.49826226618486e-06,5.25977454822476
"SPATA9",29.3878755599793,1.68635739717002,0.292209489912965,5.77105622980384,7.87761800989292e-09,5.49826226618486e-06,5.25977454822476
"DDX4",6.7809087898064,5.45628170350118,0.964022451366624,5.6599114426912,1.51451127439997e-08,1.01641181642327e-05,4.99293029464726
"CHIT1",117.698061547557,-2.19935740025543,0.397648660917701,-5.53090608976204,3.18580857590125e-08,1.98532763717503e-05,4.70216781168402
"LOC100342424",112.73912533811,-2.11230290479078,0.389154588279768,-5.42792753421737,5.70121769537584e-08,3.31601825222043e-05,4.47938308764625
"LOC103352415",27.4325838001865,1.98778833924219,0.366016220215612,5.43087499802939,5.60784063381849e-08,3.31601825222043e-05,4.47938308764625
"SUCNR1",159.915993927224,-1.25048570849874,0.231005725992874,-5.4132238632791,6.19000223917228e-08,3.48417255068765e-05,4.45790034506626
"LOC100358241",527.513421687289,-2.36311845951047,0.442709358666279,-5.33785521641033,9.40525142948929e-08,5.1285072560362e-05,4.29000902568848
"LOC100343655",63.9997706493044,2.28197684061219,0.437369178605174,5.21750720498802,1.81347171749594e-07,8.69567665142156e-05,4.06069661785394
"SFTPD",63.8820322939603,-2.92186632886569,0.564795905450056,-5.17331358225307,2.29978562552764e-07,0.000100322398449579,3.99860209352925
"GNG10_1",1000.29586572319,1.07045200882802,0.206549296493595,5.18254976899043,2.18872936423047e-07,0.000100322398449579,3.99860209352925
"LOC103345547",48.5209368340117,-2.18991630822188,0.428744148852749,-5.10774622599923,3.26024108848332e-07,0.000132297550588245,3.87844819644633
"LOC108175435",44.4557509765947,1.73894569791273,0.346721887101495,5.01539061306417,5.29258292436452e-07,0.000202055011736316,3.6945303729252
"S100A9",1199.19806057496,-1.280337721212,0.255344627299679,-5.0141557108596,5.3266837869623e-07,0.000202055011736316,3.6945303729252
"LOC103347188",8.53750312284441,2.58736562038045,0.536971244564421,4.8184435322589,1.44682460123216e-06,0.000495012597390194,3.30538374872818
"LOC100338646",7.71603202042643,2.77219484556662,0.577665229924527,4.79896435159999,1.59488175649911e-06,0.000535174841714479,3.27150431071368
"LOC108176019",17.4470334751243,1.97337688542894,0.412200112970569,4.78742441676584,1.68935328898849e-06,0.000556179727161512,3.2547848452855
"LOC100341232",38.4113404983737,2.23386551797673,0.474460337360042,4.7082239379718,2.49884493636944e-06,0.000807450838790932,3.09288390997737
"LOC103346420",10.6358261105944,-3.74598648627622,0.805630773285279,-4.64975595582139,3.32328025422078e-06,0.00096646528593164,3.01481374059982
"LOC103346233",314.748318945695,1.22448585582392,0.26278195786054,4.65970291793687,3.16666087477835e-06,0.00096646528593164,3.01481374059982
"POLI",446.011562233663,1.07361085147314,0.230781887243636,4.65205854885714,3.28637734004854e-06,0.00096646528593164,3.01481374059982
"LOC103347220",33.3099395371874,-6.04135855239867,1.30162066109378,-4.64141261196791,3.46035362130772e-06,0.000989831317019645,3.00443880977556
"CHGA",869.449392727111,-5.06660174396411,1.09355230196683,-4.6331590495045,3.60127644443783e-06,0.00101352697869348,2.99416468649563
"CPVL",126.528927904475,2.06213193342314,0.446022279116843,4.62338324781962,3.77531271372795e-06,0.00102930361784123,2.9874565007443
"LOC100339065",92.2313604395757,-1.1649682340699,0.251798212067853,-4.62659454371335,3.71727219388014e-06,0.00102930361784123,2.9874565007443
"LOC100346096",18.6971703129019,1.96412210997807,0.425147218838582,4.6198634800991,3.83992621936835e-06,0.00103081342464244,2.98681993411593
"PTGS1",366.438727411825,-1.16972163881495,0.254825990161723,-4.59027604708844,4.42660184043689e-06,0.00117029962899672,2.93170293264667
"LOC108176200",11.4819356953423,5.18373212474134,1.14193900992849,4.53941242016591,5.64112045895114e-06,0.00142654943316288,2.84571317446054
"GCNT7",20.3039211355737,1.20892589494049,0.26686804544161,4.53005114546396,5.89694093559908e-06,0.00144923552655307,2.83886102821406
"LOC108175500",9.66579207246091,2.86519845680931,0.634251027019787,4.51745182072826,6.25882627634821e-06,0.00149603095473972,2.82505942028602
"LOC108177085",10.3569981660468,2.2241346958915,0.494466624259539,4.49804817306352,6.85801602097829e-06,0.00161710164256825,2.79126268175149
"LOC103348190",50.7932263038866,2.68938670753882,0.598374052965091,4.4944908526903,6.9736600929089e-06,0.0016224452661489,2.7898299453815
"CCRL2",111.346289573258,-1.62803684679892,0.36439053025039,-4.46783522524645,7.90151299464962e-06,0.00181412500320581,2.74133279096276
"HTR6",53.7022965165798,2.39966067832272,0.541377437180051,4.432509583004,9.31425613077747e-06,0.00211070721072644,2.67557200619249
"LOC103349294",17.1647142465635,-2.10816328246882,0.480359519364802,-4.38871969323421,1.14019915950928e-05,0.00251839685244018,2.59887583211356
"LOC103352208",74.6586459921638,2.32789397862062,0.531783143716712,4.37752494814074,1.20034624868358e-05,0.00256193460644949,2.59143195984527
"LOC103349505",13.5100136099608,1.50206814804647,0.343183186190424,4.37686987151231,1.20395803615599e-05,0.00256193460644949,2.59143195984527
"LOC103348180",30.8158904844039,1.44176711847946,0.330032215130375,4.36856480180247,1.25065708852537e-05,0.00262924283586496,2.58016930076858
"A1BG",18412.3613766902,-1.02548107487228,0.235496240862471,-4.3545539033515,1.33338168862809e-05,0.00276978298629423,2.55755425676479
"CAMKV",13.3273494395186,-1.28166296433017,0.295234429241758,-4.34117039676511,1.41725757710886e-05,0.0028755497049968,2.54127912105208
"LOC108177274",27.6561476674856,1.15727486816013,0.268223663519865,4.31458899999112,1.5990010664713e-05,0.00320700800101813,2.49389995656869
"ACTL6B",12.9278810767197,-2.01401597758892,0.467869646590721,-4.30465193086296,1.6724848136705e-05,0.00331627130837916,2.47934994648364
"LOC108178214",6.67772268378972,3.70985587107807,0.872923566238906,4.2499206282887,2.13846278473304e-05,0.00410044364074801,2.38716915296183
"LOC100353389",81.2929758370569,-1.44441286395652,0.33981862000325,-4.25054066767356,2.13255109426241e-05,0.00410044364074801,2.38716915296183
"LOC108176084",5.17201962255337,3.42345143108074,0.808721483387565,4.23316494170603,2.30425378473405e-05,0.00437031785758961,2.35948697520874
"LOC100341551",18.4598248385448,-1.49544904764435,0.356040071984143,-4.20022678714365,2.66647757007034e-05,0.00494971990639973,2.30541937612637
"LOC100349768",1373.32456201119,1.13781903741326,0.27234335419143,4.17788435040529,2.94233187759206e-05,0.00534799468042748,2.27180903339624
"LOC108177001",19.547464156451,1.31686625729977,0.317949847148933,4.14174206752465,3.44677836867541e-05,0.00601428357550173,2.22081609862124
"LOC100348711",23.660633699887,3.12132016768592,0.757163324401791,4.12238689737378,3.74966728612031e-05,0.00635222761898188,2.19707394825466
"LOC100350165",18.2446000850981,-1.58889698235572,0.388123280084641,-4.09379458508446,4.24370306736096e-05,0.0069204088619048,2.15986824640688
"OSR2",7.63727652018858,-3.69285882205162,0.903713654401981,-4.08631517745,4.382783150274e-05,0.0070810354804751,2.14990322951728
"IGSF6",408.861217677294,-1.0625462759584,0.26040138060155,-4.0804172140095,4.49549383210683e-05,0.00713107926149382,2.1468447363697
"S100A12",659.052516128885,-1.27278021929823,0.312449630575388,-4.07355328586677,4.63012518285267e-05,0.00727847336176543,2.13795970311671
"LOC103349006",29.5996661622689,1.50209551817004,0.370192430630159,4.05760732496098,4.95780356409432e-05,0.00772399235623945,2.11215816467574
"LOC100349037",78.4354723324399,-1.17612101433987,0.290326680897938,-4.05102628081684,5.09934790320452e-05,0.00780513347043997,2.10761966595455
"LOC103347141",50.8610823103246,-3.88785065572688,0.964148333534111,-4.03241961895621,5.52055001662904e-05,0.00830414458966898,2.08070509760392
"LOC108176036",66.9633391160301,2.00794658255512,0.499107727589329,4.02307251833872,5.7443799486762e-05,0.00854805611069298,2.06813263572599
"PCLO",438.450388574533,1.06704748671143,0.265329801067713,4.02158929158176,5.78067866961872e-05,0.00854805611069298,2.06813263572599
"LOC103346136",91.7586788385649,1.38920549050328,0.347270155162813,4.00035957553557,6.32463086990137e-05,0.00912053587181066,2.03997964420082
"LOC103346967",27.140051833776,4.29690285148335,1.08167358679547,3.97245796138298,7.11347929741728e-05,0.00992984802085073,2.00305739845437
"LOC103346987",17.0138882645339,1.14838134980029,0.288878202252151,3.97531326644684,7.02866752229668e-05,0.00992984802085073,2.00305739845437
"LOC100349504",48.7958112667398,-1.62031962947016,0.40830078388572,-3.96844604129802,7.23428329982516e-05,0.0100183340713214,1.99920449042327
"CFAP126",37.9943963453527,1.28724801128013,0.324541846327346,3.96635449587528,7.29802937287574e-05,0.0100270326399456,1.99882757134311
"LOC108177088",17.8767193403261,2.58689484224513,0.654044978176485,3.95522468417623,7.64627570441836e-05,0.010263066520492,1.98872285618843
"SFRP2",348.173374952197,-1.76202273060858,0.44546859876866,-3.95543644485619,7.63950560553894e-05,0.010263066520492,1.98872285618843
"MSR1",196.579242017682,-1.56837947486128,0.396279560411908,-3.95776020653463,7.56558515370248e-05,0.010263066520492,1.98872285618843
"LOC108176322",9.05111680997726,1.39263662970337,0.352456152243087,3.95123370904554,7.77493513942268e-05,0.0103560949044112,1.98480397829576
"LOC100352648",25.172816695651,1.4547734699967,0.368640339335055,3.94632196959451,7.93608805737485e-05,0.0104906667055404,1.9791969105351
"KLHDC7A",289.344057952482,-1.17843999022538,0.301117776255948,-3.91355171679972,9.0948410442915e-05,0.0117552504727291,1.92976811279466
"CKMT1B",1481.29518203934,-2.66022362346192,0.681353631712202,-3.90432148541856,9.44901076808457e-05,0.01205208108044,1.9189379552704
"LOC108177008",50.7595614824343,1.29835034714489,0.332571549609518,3.90397299068223,9.46263458089452e-05,0.01205208108044,1.9189379552704
"DCT",6.84452773651852,-3.57931013984817,0.919041313042624,-3.89461288524487,9.83556796613631e-05,0.0124292899349648,1.90555368118418
"BSP1",7090.46453789017,1.69576842002456,0.435594380869524,3.89299884135213,9.9012625420374e-05,0.0124292899349648,1.90555368118418
"TCN1",28.986293104113,-1.30942549252737,0.338088352782457,-3.87302751411232,0.000107491687211386,0.0133973032153677,1.87298261331832
"ETV1",298.528797317502,-1.01534650789246,0.263067690514499,-3.85963972203,0.000113554316132616,0.0138560088265595,1.85836184867222
"LOC108178133",24.565627529995,1.45192376001194,0.377505477208436,3.84609985197719,0.000120012870753253,0.0145423929289827,1.83736412509007
"FA2H",349.172612142843,-2.03316368521517,0.530073224667386,-3.83562796723217,0.000125243873545307,0.0149683585581648,1.82482582211632
"LOC103346640",128.015977828918,1.08866373604307,0.286293478645086,3.8026145101009,0.000143177051624807,0.0166553091586751,1.77844730145011
"CRYBA4",11.599332285185,1.45782743316622,0.384680134524073,3.78971332889297,0.000150821239087397,0.0172005215740914,1.76445838371365
"PPP1R3G",240.917142336503,-2.8393144951561,0.756648210468295,-3.75248953988648,0.00017508713968206,0.0195839455148223,1.70809980779867
"LOC108175700",12.5897073911942,2.57155682208589,0.685926948319075,3.74902433617417,0.00017752386019413,0.0197300244364801,1.70487237685516
"LOC103346194",5.50996567722094,2.47487137448054,0.664813653371254,3.72265425345963,0.000197139394278173,0.021771425890885,1.66211312648192
"LOC100352595",184.882569493852,1.00737003806674,0.27110499835332,3.71579293700027,0.000202567424716445,0.0222301823514293,1.65305697482262
"SLC11A1",39.3154039783222,-1.38471972643933,0.375401968550151,-3.68863203298398,0.000225463016554683,0.0242845936781646,1.61466915860261
"PHACTR3",8.0650316933114,-2.93526431016468,0.797501309716183,-3.68057616257619,0.00023270753656962,0.0247592305219714,1.60626285663312
"TMEM132B",118.855363183411,-1.19682941535732,0.325478666441274,-3.67713628804996,0.000235867035783722,0.0247930355866878,1.60567029623186
"MLN",513.681160276567,-4.38865822186617,1.19770921764006,-3.66421010812081,0.000248103062492635,0.0256162741859999,1.59148403689146
"COL28A1",75.0617450542399,-2.01631172585035,0.553561385540693,-3.64243565125286,0.000270070502783149,0.0273980244364137,1.5622807513145
"IL1RN",1281.27277111388,-1.28570733097641,0.353871926131091,-3.63325609079291,0.000279867000166205,0.0280655131373569,1.55182701292461
"LOC103351369",46.6594352743695,1.30443746524377,0.359204148227432,3.63146548190156,0.000281816355732395,0.0280995062352832,1.55130131145349
"ANKRD61",15.4480957687919,1.01155966487159,0.279981841994238,3.61294738853959,0.000302736146575008,0.0298443108564255,1.52513844507544
"LOC103346698",38.8552967110133,-1.19869441439121,0.332771540144783,-3.60215424032259,0.000315591011208852,0.0307639528189009,1.51195786337176
"DNER",187.695477718635,-1.96296884521255,0.546414647331599,-3.59245282826633,0.000327579966579578,0.031138909281068,1.50669660376242
"LOC103350997",21.4157270253577,1.21495867917572,0.338025554146243,3.59428056332712,0.000325289166794284,0.031138909281068,1.50669660376242
"LOC100009168",792.441593485915,-1.81250940355141,0.50618276961628,-3.5807410136173,0.000342621136816798,0.0316642887140604,1.49943026323521
"ERMAP",102.907289588814,1.80943662877019,0.50536256969965,3.58047219414287,0.000342973841879616,0.0316642887140604,1.49943026323521
"LOC100353195",4.48532705649942,2.33860818011613,0.655068043072673,3.57002330497855,0.000356949469978824,0.0324312993932181,1.48903565052532
"LOC108175651",29.6039966325094,-1.94211825244044,0.544204360310552,-3.56872967965961,0.000358716303678783,0.0324312993932181,1.48903565052532
"FPR1",508.287356679136,-1.49563490603436,0.418935015211878,-3.57008808461126,0.000356861208272161,0.0324312993932181,1.48903565052532
"LOC103346551",63.5462405609997,-2.53427589137229,0.714199676709056,-3.54841366359884,0.000387559030805893,0.0348583377759382,1.45769332611728
"LOC100344375",9.06858583580119,-1.75156752283934,0.494180561347918,-3.54438773969942,0.00039352604818506,0.0352135180245185,1.45329058435009
"PPP2R2B",338.921606436694,-1.91101465797872,0.541212286070078,-3.53098905395373,0.000414008880500797,0.0368573518156042,1.43347587186209
"CXCR2",65.5439334324748,-1.30667176462629,0.370207177410088,-3.52956896667311,0.00041623720126026,0.0368676290598492,1.43335479077286
"CHRM1",10.938984577994,-3.2177078606456,0.917095206787569,-3.50858649879623,0.000450494715157691,0.0389142687365671,1.40989112624971
"LOC100343860",707.150688249068,-3.92842560426202,1.12297872239063,-3.49821908993883,0.000468376202788817,0.0398668115242052,1.39938849703929
"LOC103351169",14.3719175444526,-1.71786512082873,0.49100756813776,-3.49865303979745,0.000467614645379828,0.0398668115242052,1.39938849703929
"AHSP",277.830363083503,1.64012989760206,0.469576587030974,3.49278465515546,0.000478011822130116,0.0404894576910116,1.3926580400599
"SAA3",711.137321914271,-2.05077371251392,0.588239677985041,-3.48628932944247,0.000489770978006712,0.0409325303258733,1.38793140774667
"LOC108175631",114.621017865239,1.78345575696795,0.511804810132275,3.4846404755497,0.000492798707002273,0.0409325303258733,1.38793140774667
"LOC108177015",12.3595298885406,-1.59620164536443,0.457907711017194,-3.48585884657552,0.000490559779947694,0.0409325303258733,1.38793140774667
"LOC100348219",31.144446691663,1.48325037260747,0.428190972372208,3.46399263018125,0.000532221091711608,0.0429941010614622,1.36659112702965
"MAPK4",667.893239946129,-2.62375787589191,0.758955979181534,-3.45706200077822,0.000546099189149642,0.0433113667625158,1.36339811116619
"LOC100357076",54.9999000712279,2.38017070201331,0.688234215540817,3.45837310652008,0.000543448206905269,0.0433113667625158,1.36339811116619
"LOC103347076",139.196189902291,-1.57281153234071,0.454893505723761,-3.45753789084827,0.000545135576445859,0.0433113667625158,1.36339811116619
"LOC103349390",59.0573168404327,-1.25333330927839,0.362886815389648,-3.4537857428979,0.000552776355063084,0.0434477235112421,1.36203297393123
"C14H3orf33",27.8634394113052,-1.0223188113442,0.296289636789104,-3.45040353899342,0.000559749162724265,0.0436029604481058,1.36048402305645
"S100A8",1179.35314482034,-2.14158676797485,0.623610566901736,-3.43417331527081,0.000594364032801116,0.0458896372050738,1.33828537574307
"SCTR",25.7101837129487,-1.77799911876391,0.518520688702056,-3.42898394896168,0.00060584535610289,0.0462218878177843,1.33515232081919
"LOC108175404",18.4558678701915,-1.12402214103979,0.327833263771183,-3.42863969357399,0.000606614265016482,0.0462218878177843,1.33515232081919
"LOC103345058",24.1280937343113,1.03372175854764,0.301968194962791,3.42328025199812,0.000618702536640106,0.0465333644906604,1.33223554564203
"CA4",12.1695326707677,-2.16569018625415,0.634588906363122,-3.41274510874431,0.000643120635948185,0.0477523913900421,1.32100487452016
"BPIFA3",104.155538520846,-2.37224557465388,0.695742558722581,-3.40966000270192,0.000650439116537684,0.047862540768381,1.32000425072051
"LOC103346587",6.57816508644333,-1.61054851462786,0.47382132006736,-3.3990629936173,0.00067617140771674,0.0493661711014619,1.30657055586721
