"","baseMean","log2FoldChange","lfcSE","stat","pvalue","padj"
"CX3CL1",467.224235906573,-3.22052223903263,0.536140746561083,-6.00685969064974,1.89151069310228e-09,1.65592303627639e-05
"SLC11A1",417.655859477703,-3.66188544936988,0.604538159912991,-6.0573272163612,1.38401873989833e-09,1.65592303627639e-05
"THBS4",318.244742399701,2.90874302617972,0.495597250394872,5.86916699772274,4.37990104516008e-09,2.08266731863701e-05
"CD163",903.901932858725,-3.78077099357166,0.653875699038649,-5.7820943630881,7.37763022577821e-09,2.58349855246301e-05
"GPNMB",3961.26107245804,-2.6549512668339,0.46783857142974,-5.67493026220611,1.38745166523668e-08,4.04881520110484e-05
"GPX3",11043.1195217054,-2.49169666730416,0.445914918662133,-5.58782979223915,2.2992483061382e-08,5.75107694173911e-05
"S100A12",1234.43113021625,-2.96640210093753,0.546134959046554,-5.43162830322434,5.58421439305725e-08,8.14783415066994e-05
"CCL2",246.245376236481,-2.8516790222901,0.523648270869609,-5.4457909649055,5.15756779432083e-08,8.14783415066994e-05
"S100A9",2344.57916872081,-2.85097510066956,0.561837227869129,-5.07437912486222,3.8876326174606e-07,0.000363414666192331
"PTX3",83.9759842548968,-2.44725530802951,0.482535418965278,-5.07165943025957,3.94361680144742e-07,0.000363414666192331
"CNTN2",74.7283859184743,1.46275789506089,0.289665290985512,5.04982108862346,4.42224042014586e-07,0.00036870955960159
"VSIG4",2861.66562713402,-2.46484755952785,0.487831406067557,-5.05266272091244,4.35692887691685e-07,0.00036870955960159
"CCL5",1320.25296677619,-2.84695711146603,0.573452545621195,-4.96459058941321,6.88461458103863e-07,0.000463625833459251
"MSR1",462.325089619158,-2.50344138332816,0.507735333908959,-4.93060304480807,8.19761609768247e-07,0.000531600223164157
"CCR1",168.371733968522,-2.76832530081872,0.56768985393136,-4.87647485972762,1.07998445111023e-06,0.000638330665806807
"KCNMA1",633.345405121099,1.43311281511508,0.294033358377214,4.87398036408015,1.0937186575021e-06,0.000638330665806807
"SERPINE1",1241.44412370966,-2.46571464658677,0.50487546281309,-4.88380764802508,1.0405658887496e-06,0.000638330665806807
"PDK4",8375.29917940729,-2.04088143996344,0.42115379470708,-4.84592912520924,1.26020502054007e-06,0.000648968520724592
"FCGR2A",637.105717104648,-2.32987040015867,0.479320746928878,-4.86077520133794,1.16926971581859e-06,0.000648968520724592
"PKIB",1487.01208375188,-1.37282739483542,0.284193764010337,-4.83060351312103,1.36119824493904e-06,0.000652262219536723
"GNB3",114.938692270913,1.13950920982484,0.236586193120938,4.81646538537584,1.46123499280908e-06,0.000657783527188435
"FCER1G",3196.69504752602,-1.43115548578429,0.297171200062347,-4.81592928750845,1.46516406193095e-06,0.000657783527188435
"IL1R2",4234.49033105632,-2.30842158161612,0.480085237758346,-4.80835776662243,1.52175242835923e-06,0.000666109081703544
"CD36",11444.9658775947,-1.71536210556655,0.362688151526847,-4.72957856038365,2.2498638347872e-06,0.00091611316007649
"DACT3",126.155691348764,1.37889178058253,0.291358131125374,4.73263531467802,2.21623463374821e-06,0.00091611316007649
"MTUS2",80.1162718091785,1.80680112651793,0.383814927903133,4.7074800774136,2.50797783151318e-06,0.000998004178453733
"COL8A1",240.53969599041,1.74311552103561,0.3757602866843,4.63890299961399,3.50263389618632e-06,0.0012988885411418
"NLRP3",156.721698485967,-1.88859151896557,0.407419554629378,-4.63549551685999,3.56083442656957e-06,0.0012988885411418
"CHGA",1526.90053806312,3.75788758111318,0.812909723940008,4.6227612617296,3.78665438252225e-06,0.00135307207313433
"EPHB1",26.8160645684971,1.27152763347756,0.275794599012007,4.61041528018541,4.01865387981503e-06,0.00140725221563363
"FAT2",97.110347356172,-2.09207750947833,0.454448441058201,-4.60355305567083,4.15343322855011e-06,0.00142593063526831
"PRUNE2",1464.49679890584,2.17021045751846,0.476555690873656,4.55394930556779,5.26480483420439e-06,0.00174286849646886
"SLC37A2",1080.20171346631,-1.46007863231509,0.320648686393159,-4.5535150907334,5.2756885209235e-06,0.00174286849646886
"SERPINF1",1088.77919944114,1.40788597799402,0.310248298252977,4.53793295860734,5.68083130346367e-06,0.00180846682349719
"ANGPTL4",1266.8738527417,-2.17363840543457,0.480384655614005,-4.52478733455033,6.04562660855272e-06,0.00189022993373481
"CEMIP",107.25304214088,-2.4382718327041,0.54325475442054,-4.48826597993582,7.18052441338032e-06,0.00212654182638439
"CLEC4E",216.668841292914,-2.15800667742834,0.486565436800753,-4.43518284327302,9.19941755625596e-06,0.00233438553612298
"BOLL",8.91258959837351,1.56683648725936,0.353863797904,4.42779537364382,9.52011527691851e-06,0.00238125283405095
"SPHK1",129.027723852258,-3.3557484155853,0.772195060624473,-4.34572634131007,1.38815547031876e-05,0.0031565213155599
"ATP6V0D2",105.64897261289,-2.67728151684244,0.618347881052074,-4.32973347023886,1.49289919681547e-05,0.00328259605189986
"FAT3",94.7834238162484,1.92994835642517,0.448263716395655,4.30538606145344,1.6669477082474e-05,0.00336041211695121
"OVGP1",14.8203846985644,-3.19812560126795,0.74329034410208,-4.30265995871559,1.68759750597057e-05,0.00336041211695121
"GUCY1A3",709.035761318428,1.13838545946256,0.264543106828865,4.30321346531623,1.68338515650234e-05,0.00336041211695121
"MMP12",1001.61972235736,-2.25976229029052,0.52626600328826,-4.29395453282348,1.75518433998337e-05,0.00345298006840099
"FAM212B",148.738775775601,1.15484297305699,0.271110002227224,4.25968412662655,2.0471600097827e-05,0.00393887083640497
"NEURL3",222.378611512351,-2.41625236286026,0.568729605771151,-4.2485081457717,2.15198823185775e-05,0.00409556108169535
"FKBP5",6503.20929622268,-1.50665867238967,0.356941288938349,-4.22102659199481,2.4319224293947e-05,0.00448216103329177
"C5AR1",1127.87103249911,-1.790706758003,0.425267704710347,-4.21077532615054,2.54495751976332e-05,0.00459377950655009
"COL14A1",4668.01655387258,1.10980959286743,0.264408419879609,4.19733075585398,2.7007934979698e-05,0.00471321021479069
"FAT4",802.802224873352,1.30557547149618,0.311326295990054,4.19359202326387,2.74571615688303e-05,0.00471321021479069
"MYLK",19635.8777145031,1.15549990575902,0.276920532880943,4.17267688220074,3.01041724738611e-05,0.00506821111389264
"FNDC1",427.722179938378,1.5617480020925,0.376084950589087,4.15264689439509,3.28651654650153e-05,0.00518410974889146
"GUCY1B3",1058.26827797468,1.13635151661205,0.273448649690057,4.15563038215789,3.24391889021335e-05,0.00518410974889146
"MILR1",475.075127223123,-1.77123903276067,0.425694004697524,-4.16082682211891,3.17097477113666e-05,0.00518410974889146
"PRAM1",320.409106823318,-1.75162485166509,0.4212710417091,-4.1579521928655,3.21113201715794e-05,0.00518410974889146
"CHIT1",383.151304792902,-2.67474962928438,0.645575891490238,-4.14319937367864,3.42493945655684e-05,0.00531527059567306
"FABP5",2345.03864454997,-1.32366079115888,0.320082855559858,-4.13536922758223,3.54384378833219e-05,0.00535262263932065
"APOBEC1",597.152407358173,-1.64601109023473,0.397851915896478,-4.13724560437462,3.51499812583266e-05,0.00535262263932065
"LGALS9",5547.60466694835,-1.96884471082175,0.477312527900754,-4.12485446271614,3.70969260069606e-05,0.00550449218182943
"MAGI2",35.7386207136394,1.28714415298733,0.312607812935019,4.1174407667632,3.83102950137136e-05,0.00552875316702649
"TIMP1",1999.66096533916,-1.71756506174579,0.416922479147418,-4.11962690344284,3.79486374450238e-05,0.00552875316702649
"SHISA2",636.514742216607,1.49922887812696,0.364398240670591,4.11425937558858,3.88424493754114e-05,0.00552920687897625
"PPM1E",39.5002545382017,1.12444446355182,0.273946413431255,4.10461465608491,4.04989374990982e-05,0.00569979349211322
"TMEM35A",52.2352080254611,1.14592512887889,0.279254476910792,4.10351569491564,4.06918834036297e-05,0.00569979349211322
"PLIN2",3604.49662702071,-1.37514282663501,0.335502282622888,-4.09875848201218,4.15372187306578e-05,0.00572657608468572
"CXCR1",240.835909720049,-1.64466688084608,0.402167037184314,-4.08951189127995,4.32281907582442e-05,0.00577772818309998
"ZNF385D",101.073041133387,2.00680827085455,0.490526836723457,4.09112839627553,4.29279370272108e-05,0.00577772818309998
"GREM2",254.926110712382,1.57112915102045,0.383986063279305,4.09163066389116,4.28350481473377e-05,0.00577772818309998
"ITGA1",6170.22845600539,1.06059266092991,0.259624775095916,4.08509804404483,4.40582090206349e-05,0.0058006443217906
"IGSF6",668.605285292872,-1.46949261001478,0.359895623516826,-4.08310775122853,4.44374058184876e-05,0.00580637715280521
"DRAM1",1858.22417803791,-1.26727109096405,0.310958096126502,-4.0753757716876,4.59401022667403e-05,0.00587205758768209
"CSF2RA",1156.41265870311,-1.39899451463944,0.343034130297481,-4.07829539709715,4.53671021697809e-05,0.00587205758768209
"CLEC4A",216.568880336209,-2.68219150664523,0.661382559656641,-4.05543125908506,5.00418880760313e-05,0.00617030576283966
"CTSK",10528.6517230636,-1.27082524200403,0.313902171283307,-4.04847547504561,5.15523348949773e-05,0.00622503332190454
"CILP",146.809276707202,1.93797445463535,0.47853042163654,4.04984587606283,5.12513762894533e-05,0.00622503332190454
"ANKRD35",102.188377238073,1.02557929874155,0.254481653457012,4.03007165667757,5.57598521578706e-05,0.00654079682539401
"KCNQ4",159.121513842114,1.31113495601891,0.327189052643749,4.00727024765864,6.14245655566115e-05,0.00693859818277878
"PDZD2",550.915872540142,1.0499193396885,0.26245310697357,4.00040735579569,6.32335394152937e-05,0.00709432054867417
"PRTG",95.2419971090916,1.2087091491135,0.303027979686504,3.98877077411782,6.64165616746596e-05,0.00725965293820612
"SRPK3",37.6766452635697,1.51117149730518,0.379252642209498,3.98460374198371,6.75928230929118e-05,0.0072606303038883
"GFRA1",325.99215356454,1.07670785484835,0.270662952718678,3.97803926999739,6.94858975419375e-05,0.00732908783169749
"SDC4",5550.53511850128,-1.40267865933185,0.353617450718928,-3.96665565141118,7.28881813265661e-05,0.00764191117872363
"GLP2R",152.192487926703,-1.39791826378005,0.352608476041429,-3.96450556003028,7.35482326637192e-05,0.00766521431969679
"C13H1orf162",2044.36273394015,-1.35873581041767,0.343889965085935,-3.95107722924724,7.78002113600414e-05,0.00796610468247348
"ASPN",1270.37299484321,1.42347322776773,0.361478375515856,3.93792083893354,8.21906985837831e-05,0.00810392030392309
"MYH11",28927.7115130951,1.33943159906707,0.339827141387067,3.94150859639974,8.09707325314497e-05,0.00810392030392309
"MCOLN2",321.490619920783,-1.63809335181751,0.416174726956552,-3.93607118768778,8.28264130902699e-05,0.00810392030392309
"ADAMTS4",78.0708415035458,-1.80888270074487,0.461684146235399,-3.91800913133927,8.92833248558385e-05,0.00845006343189663
"FGF2",20.8020894127792,1.16569184096063,0.297453870047916,3.91889956171305,8.89541704104338e-05,0.00845006343189663
"COL3A1",17644.9256971163,1.03166668894035,0.263404911123604,3.91665699982424,8.97853515892571e-05,0.00845189097299087
"CCL7",97.7524690092003,-1.6066995638707,0.41088741073594,-3.91031587215812,9.21755024508092e-05,0.00863048594872309
"PDGFRL",146.579290549847,1.01262497268389,0.259438172303804,3.90314564619312,9.49505254523699e-05,0.00864774316770144
"CDH13",211.790130600162,1.10471525494498,0.283365889518316,3.89854705809103,9.67715961862999e-05,0.00864774316770144
"COL11A1",102.324707533,1.32458427549062,0.339116677531162,3.90598387886395,9.38427684249712e-05,0.00864774316770144
"APOD",25879.9975340372,-1.37268795698878,0.351461973944237,-3.90565141822872,9.39718932668565e-05,0.00864774316770144
"WNT9B",127.118311808264,-1.7362660340047,0.445343578904886,-3.89871127877094,9.67059998150339e-05,0.00864774316770144
"PTCHD1",121.640888843635,1.99851366858948,0.512833972325941,3.89699937296526,9.73918711994748e-05,0.00864774316770144
"IDO1",662.556898338062,-1.60465591431216,0.410960786089299,-3.90464484356783,9.43638619657559e-05,0.00864774316770144
"TMOD1",122.710663628768,1.11736404833708,0.28724172213721,3.88997823861859,0.000100253211815344,0.00873300241629283
"TMEM200A",156.709935130019,2.01757612280839,0.518644958611822,3.89009107156566,0.000100206607762641,0.00873300241629283
"TSPYL5",39.9069401817259,1.09393672205953,0.282802111412944,3.86820563889699,0.000109639186473729,0.00931879862120644
"CHI3L1",461.254857004745,-2.22850651358197,0.57638367836415,-3.8663595053676,0.000110472056341442,0.00934422818590483
"TSPAN2",872.953540679322,1.40336224787708,0.363894427857648,3.85650930721605,0.0001150177207338,0.00963562331257463
"IL15RA",220.138541128972,-1.04627788588212,0.272436792909534,-3.84044267555871,0.000122812648919226,0.0100954303752429
"TFEC",329.859885164672,-1.41707862267249,0.370220940376105,-3.82765659131244,0.000129369079662741,0.0104866815546988
"CPEB1",110.261684685598,1.01463742650941,0.265718643928033,3.81846531922019,0.000134284457707999,0.0106442832039491
"ZNF641",35.817273068953,1.05537442837589,0.276390055876913,3.81842402045712,0.000134306935698456,0.0106442832039491
"UPK3A",19.329437797488,-2.86776429251891,0.752067546849962,-3.8131738359547,0.000137193543349823,0.010757634333689
"DPEP1",34.2966874277267,-1.52354984703476,0.399630683154364,-3.8123945714305,0.000137626939902126,0.010757634333689
"DPYSL3",2477.51103884172,1.09222767878195,0.287177749631107,3.80331582159471,0.000142772149925212,0.0110610512081439
"MRAP",89.7602078621737,-2.19680868999204,0.578626399997903,-3.79659256819253,0.000146698598990277,0.0112163570730164
"FAM107A",654.069537553102,-1.49846136739473,0.397006986607809,-3.77439545887644,0.000160396151529151,0.0117999000719492
"TIFAB",91.9244131210742,-1.77878956767448,0.473010252646607,-3.76057296373963,0.000169524617545437,0.0122653162338969
"AKAP6",143.462909170963,1.26672951119039,0.336776450278107,3.76133637059343,0.00016900796770204,0.0122653162338969
"PDCD1LG2",46.5491920472103,-2.02109334469104,0.538765398785755,-3.75134214121042,0.000175890482098637,0.0125274600036472
"KCNMB1",177.99720580493,1.33856739661638,0.357286212411029,3.74648489115629,0.000179329799179148,0.0126608284428537
"CDH20",73.9969504781112,2.43702892822073,0.650418854000788,3.7468608316477,0.000179061362218953,0.0126608284428537
"IGSF9B",53.8330205820206,2.03688694511575,0.544537738371757,3.74057994806076,0.000183596134236313,0.0127495833183323
"AK4",1740.55980348384,1.21778856137568,0.326213056614977,3.73310796941218,0.000189131471743759,0.0127857256322837
"ENAH",3577.85835470453,1.14631501233489,0.307961145396312,3.72227155753595,0.000197438512744778,0.0130945110592739
"GABRA2",23.9547515921458,2.75214042411979,0.740615462125789,3.71601804831392,0.000202387131925561,0.0132386506128401
"LRRC10B",34.2268319244355,1.60592351299382,0.4327611578719,3.71087719815461,0.000206542287420696,0.0134170837495177
"FGF5",12.0440844420429,2.34222335881066,0.632863040717581,3.70099564694897,0.000214755160855499,0.0136065410862802
"SLC7A7",2315.22128682918,-1.03688094340581,0.280119564861632,-3.70156559367065,0.000214273245798215,0.0136065410862802
"COL12A1",1878.60403430442,1.20675920335767,0.326612030907033,3.69477878694909,0.000220078306197592,0.0138112941333822
"LRRC66",664.891932494182,-2.06253407949275,0.559896307170644,-3.68377868022647,0.000229801787309642,0.0143188594092687
"C1QTNF2",130.103019655884,1.00490838800222,0.27353772729924,3.67374693766789,0.000239019462884405,0.0146328383763743
"GSG1",14.0780311474059,-1.35925297317303,0.36994952045191,-3.67415795407071,0.000238635082037355,0.0146328383763743
"PCDH20",50.6522868416113,2.33706659292319,0.635977127187152,3.67476516531302,0.000238068281768308,0.0146328383763743
"HAVCR1",1378.58832478004,-1.13018093156579,0.309082125790572,-3.65657162695838,0.000255611010540003,0.0153270314504963
"GLS2",3520.49825228428,-1.46283775120457,0.400575499509652,-3.65184029726042,0.000260367791282376,0.0155481089899764
"PLN",325.486538060287,1.47102552276031,0.403400906213107,3.64655978730798,0.000265774661658266,0.0157744018677105
"KCTD19",13.6308072633854,1.07216058934111,0.294262404464345,3.64355273753982,0.000268900524742295,0.0158741628523714
"CACNA1C",283.214978309171,1.25780343692569,0.345384760939928,3.6417456100342,0.000270795598320453,0.0158741628523714
"BVES",285.128140417415,1.4898207101847,0.409380306068429,3.63920952742576,0.00027347622165809,0.0159609838833717
"DIRAS2",42.6156485943131,1.3145588395292,0.361872715694991,3.63265530258211,0.000280519638446455,0.0162142993221909
"CCR5",143.518829284083,-1.72955179355318,0.476468053044981,-3.62994283142401,0.000283483998842204,0.0162887512313251
"SGCD",125.26345950268,1.17607221118596,0.325940539732261,3.60824158956118,0.000308279359723564,0.0172449307009581
"WNT10B",9.35054508532476,1.79259369776473,0.496645149877971,3.60940542398366,0.000306899638945618,0.0172449307009581
"ITIH2",35811.7181613283,1.61278457340276,0.447977518044676,3.60014623153906,0.000318038268690383,0.017456213311912
"C3H8orf88",8.64173426253105,1.26933046369778,0.353271799949693,3.59307044569801,0.000326804189470225,0.0176061986259513
"RASGRF2",167.651984825404,1.20484259183978,0.336196846104097,3.5837415068038,0.000338707297508786,0.0180122659868836
"ACSM1",7845.56720351242,1.56906801168992,0.439017157791266,3.57404712741533,0.000351505620842439,0.0183169997480067
"CD68",2438.09320305507,-1.19972837626612,0.335766209917965,-3.57310634848945,0.000352771405113365,0.0183284110745695
"SYNM",4276.99820194506,1.25132547275971,0.350306765936247,3.57208479663632,0.000354150693592017,0.0183456345979367
"SIAH3",11.1518393714184,2.04792742068639,0.574327192372422,3.56578523163223,0.00036276836879769,0.0184642772362755
"NLGN3",52.250356510667,1.11661322636066,0.313070529667184,3.56665070822124,0.000361572905229038,0.0184642772362755
"JPH2",90.0918807734648,2.03731355246352,0.571291013951819,3.56615718208258,0.00036225414976043,0.0184642772362755
"PDZRN4",65.0186140778305,1.99580576838715,0.560142605781611,3.56303153480398,0.000366596621070748,0.018563795482074
"RYR3",122.304194928282,1.17684506109719,0.330668713288049,3.55898521331236,0.00037229048886164,0.0186774618036632
"MS4A4A",226.042873448582,-1.44905233078555,0.408256571568416,-3.54936682395257,0.000386158738147295,0.0186875159526555
"MYCN",29.2534077678166,1.10879231164298,0.312581789330241,3.54720700146593,0.000389338550568088,0.0186875159526555
"IL6",19.748012947812,-2.93842998227796,0.828414713455196,-3.54705189870687,0.000389567840694458,0.0186875159526555
"RYR2",250.308863257345,1.55893170485407,0.439144217596822,3.54993107591211,0.000385332022222743,0.0186875159526555
"ADAM12",949.898041980916,1.17381387429829,0.330592128109896,3.5506407276222,0.000384294621583406,0.0186875159526555
"FPR1",794.561008978774,-1.58798444358307,0.4484881133766,-3.54075034815833,0.000398990913045413,0.0189835105883482
"CPXM2",109.302241945422,1.36402390785339,0.385530021519731,3.53804848316744,0.000403096035580802,0.0190457571437481
"SAA3",3075.44293533553,-2.1516522447833,0.608936049598028,-3.53346175875719,0.000410155421051468,0.0192531133168637
"HSPB6",1046.9665582666,1.37154956513282,0.388258817904907,3.53256513923848,0.000411548823579291,0.0192668672514701
"NLGN1",10.9762381171105,1.1023908706406,0.312660613117901,3.52583863905142,0.000422144091848093,0.0195165219970947
"ADGRE2",55.7165311248116,1.03153887752192,0.292478314513308,3.52689011914756,0.000420471222418973,0.0195165219970947
"ISG15",4276.84754892363,-2.53347659281349,0.718657204147108,-3.52529213955377,0.000423016006724064,0.0195165219970947
"NKX3-2",94.208623815762,1.72450700372027,0.489698252215427,3.5215706732023,0.000428998299169296,0.0196630720567231
"PANX1",583.597064995371,-1.19896333671392,0.341095904738056,-3.51503292786426,0.000439699465806172,0.0197402511456417
"ABCA6",6852.47539994956,-1.08028669031498,0.307682098532319,-3.51104823929658,0.000446343394880945,0.0198281578425013
"SLAMF1",1446.80134658819,-1.0196646497624,0.290835118122263,-3.50598874147567,0.000454914461839266,0.019953635940658
"SYDE2",202.330552150488,1.08544532199125,0.309471946579166,3.50741103996506,0.000452489618222778,0.019953635940658
"PLA1A",2526.39247544322,-1.30480160721856,0.372072792746898,-3.50684498478272,0.000453453223934649,0.019953635940658
"DPCR1",6614.68376049369,1.58507190182354,0.452705323570893,3.50133258721292,0.000462937722683775,0.0201631258369906
"HECW1",30.0903309196977,1.67303201833476,0.479151242817798,3.49165747436233,0.000480033403736392,0.0205524706692318
"SYPL2",60.2212859854074,1.71783840137887,0.492849130553723,3.48552588385184,0.00049117070170135,0.0208230213464623
"RSAD2",2517.09176563061,-2.40328856175939,0.689496478257913,-3.48557046706252,0.000491088859073432,0.0208230213464623
"EFNB3",54.6015773093782,1.1320521416174,0.325388514379096,3.47907836813962,0.000503141426220985,0.0210227302508879
"FGF13",31.1792665740381,1.50004539643449,0.431395140709338,3.47719585799689,0.000506687541600018,0.0210227302508879
"CEBPD",1342.62651037281,-1.34884375655537,0.388426770372338,-3.47258185954176,0.000515477783969902,0.0211866209378615
"S100A6",8974.98600796979,-1.24612542536052,0.359783190101291,-3.46354543415354,0.000533106556864213,0.0217561598625181
"RBFOX1",23.0045230433598,1.53434540444783,0.443769152053809,3.45753055918087,0.000545150410054123,0.0219931763355706
"MYT1L",77.1113809602208,1.77364211009311,0.512967682536827,3.4576098465341,0.000544990013901141,0.0219931763355706
"CHRM2",180.924475769953,1.4644940665032,0.424546254872602,3.44955125547548,0.00056151912139354,0.0221933144390056
"MYOCD",183.340321628102,1.49286600772228,0.432759344872114,3.44964476310371,0.000561324677484557,0.0221933144390056
"C3AR1",285.242641696386,-1.51991075988816,0.440943219099516,-3.44695347167847,0.000566946213695757,0.0222570880170381
"UNC5CL",503.853011550919,-2.00544782534676,0.581961180949155,-3.44601648872173,0.000568915644912934,0.022284438538659
"LURAP1",34.7560739249509,1.29333624250458,0.376159844939026,3.43826237676758,0.000585460123799464,0.0227290938084364
"BCL2L14",349.067077896903,-1.06807901045244,0.310943015063755,-3.434967047687,0.000592625886567832,0.0228815867782184
"TYROBP",1988.75078310138,-1.26385218844162,0.368137139258585,-3.43310156369165,0.000596718526488891,0.0229110166855508
"FMOD",205.620884036997,1.97014044146088,0.57518257391525,3.42524361969138,0.000614248361205921,0.0233294458923091
"CD84",1461.35554742584,-1.18074711946804,0.345171761047403,-3.42075236944394,0.000624481654084796,0.0235647613822644
"SYNDIG1",51.6726879762019,-1.56829624272533,0.458972714595064,-3.41697053627465,0.000633221323254669,0.0237920003194549
"PGF",297.339083049003,-1.90532278535203,0.558417647639758,-3.41200317254511,0.00064487362701185,0.0240236007135117
"HMOX1",6106.92824944682,-1.33945691515078,0.392892551896824,-3.4092194130026,0.000651490580273889,0.0240677169866006
"FLNC",1317.01128782602,1.25831081945034,0.369048078037916,3.40961217340647,0.00065055318435134,0.0240677169866006
"ATP1A4",37.9192043483988,-1.83042142493163,0.537415727931466,-3.4059692148888,0.000659296130479785,0.0240736964578737
"MFAP4",2394.83522477228,1.1536435331336,0.338739905363195,3.40569125416939,0.000659967690889221,0.0240736964578737
"ITGA7",981.914518796921,1.24286862069589,0.365158248166244,3.40364383643897,0.000664933938687146,0.0240741479368793
"NPY1R",37.9142083475115,1.26740694506036,0.373775916621836,3.39082024469394,0.000696837893013656,0.0246708583836616
"C1QTNF3",491.52284539267,1.58760145444211,0.469303811350365,3.3828863436544,0.000717283102898475,0.0250676843286415
"SYT1",49.0735980161335,2.27385476824167,0.674840050211967,3.36947216977927,0.000753122959996516,0.0258328948259241
"DGKI",14.4931881110688,1.31404697821048,0.390179243938809,3.36780338427372,0.000757696104348424,0.0258478547866579
"HAND2",141.841176937512,1.4475304733647,0.430549789693377,3.36205128423261,0.000773657534357506,0.0260257421411863
"XDH",1573.71813997967,-1.73499002229322,0.516060071029408,-3.36199237199723,0.000773822612234104,0.0260257421411863
"IRX3",7.02124693746506,1.72745344693065,0.514190741584889,3.35955766454706,0.000780673571717242,0.0261582335759905
"CLEC5A",121.094432041814,-1.58583614206999,0.4730222082775,-3.3525617070809,0.000800673906767629,0.0265744191904148
"ASGR1",7080.76127698331,-1.19685113925521,0.360051349120237,-3.32411235836123,0.000887004513739493,0.0278825171114269
"SELP",67.6836600068909,-1.01165661532294,0.304477781458403,-3.32259585733072,0.000891840230458376,0.0279842842206016
"LYVE1",2254.65402042484,-1.25303772752958,0.378286538651157,-3.31240369270736,0.000924979670216963,0.0287663748593762
"MPEG1",11728.1912099415,-1.12944939667823,0.342414920751548,-3.29848183659538,0.000972091688606398,0.0291771847487998
"FGF14",21.5017851624,1.4701245476461,0.444921462406497,3.30423382970664,0.000952363623943779,0.0291771847487998
"EGLN3",3057.78931390146,-1.03132928705388,0.312290940463002,-3.30246303503021,0.000958397189894015,0.0291771847487998
"ADPRHL1",21.3675344322397,2.59620367439795,0.787159272878335,3.29819359798004,0.000973090171254238,0.0291771847487998
"SLC6A7",43.6926985388285,1.01170403009383,0.307076770882469,3.29462898540461,0.000985517038243302,0.029470388900949
"GXYLT2",24.884273801816,1.44563059122478,0.439589046557482,3.28859557021685,0.00100688593337021,0.0299313511160935
"GRIA3",14.8046039439816,1.32482780351716,0.4032172475895,3.28564269370221,0.00101749990466336,0.0300935909303222
"BPI",645.518663408543,-1.71832357299456,0.523516912719698,-3.28226945728988,0.00102975151587217,0.0303023853637073
"S100G",88353.8320085532,2.0027337232728,0.611122220464093,3.27714106312794,0.00104863965002559,0.030367210368247
"CAV3",58.2360482428833,1.89278374854712,0.577184815500765,3.27933739369935,0.00104051154581619,0.030367210368247
"BCHE",52.2096014477848,2.48998030295607,0.760446272695615,3.27436716091675,0.00105898916456439,0.030370428462381
"MYO1F",1588.726027704,-1.14987328501135,0.351006020496969,-3.27593607478102,0.00105312394781569,0.030370428462381
"HSPA6",49.4919625297851,-1.02946859380787,0.314677292957969,-3.27150581515069,0.0010697638848263,0.030406649122441
"EVA1C",130.266190235219,-1.34734698084356,0.412184932881685,-3.26879241175541,0.00108007510872055,0.0306003803860648
"ENPP6",27.1614455943222,1.09744891014334,0.336477237201187,3.26158440693315,0.00110791442723246,0.0308578253971234
"EVI2A",461.714002821134,-1.24531576061253,0.381617311401055,-3.26325804256764,0.00110139186542023,0.0308578253971234
"NOV",72.028717799668,1.90371284624062,0.583867586498062,3.2605215467753,0.00111207517436525,0.0309068638539067
"IL18BP",1080.73378946715,-1.31592148878021,0.403839545010984,-3.25852558283865,0.00111992778231172,0.0310266068678732
"FAM83D",746.918401029712,1.09430733677484,0.336603804585728,3.25102486028538,0.00114989802264138,0.0311589632924223
"NPTXR",31.5455189941009,1.91340658945162,0.588860372669225,3.24933834616583,0.00115673802844677,0.0311589632924223
"ANGPTL1",391.299874845769,1.03265077237103,0.317561110615724,3.2518174859913,0.00114669629616562,0.0311589632924223
"GPR158",7.11084041905161,2.03884399104705,0.628137554841628,3.24585590422325,0.00117098093450105,0.0312646462053598
"THEM5",35.8340072418954,-1.70647092978776,0.527167677686245,-3.23705530900057,0.00120770002289328,0.0319420237172787
"CPA4",22.7667856144896,-2.22014058424234,0.686156905007832,-3.23561647203274,0.00121380353811748,0.0320550318987918
"CYBB",1027.50631813141,-1.14758896842044,0.355147588341907,-3.23130159429842,0.00123227841108353,0.0322029294024799
"WSCD2",272.913418559283,1.52613918877297,0.472853612953987,3.22750878276884,0.00124873207552217,0.0324176263461103
"CXCL11",932.489321117098,-2.23674957168747,0.693804482993715,-3.22389034160757,0.00126461816005132,0.0325305030212594
"FANK1",101.759934961467,1.37293197753833,0.426109339617876,3.22201803595654,0.00127291122059363,0.0325839218733536
"RIMS1",185.461459541743,1.06864927887624,0.333615112989515,3.20324001302013,0.00135890676065349,0.034028010004523
"HAND1",49.8853113372478,2.05840107242074,0.644860560695198,3.19200955661122,0.0014128665798547,0.034891228415622
"ABCA12",22.7157178751779,2.24465002007592,0.706597946670579,3.17670045696071,0.0014896080448887,0.0362243711916059
"KCNA5",14.5236954799495,1.43589492960888,0.452109066695582,3.17599233322987,0.00149324897606261,0.0362625469096812
"C2CD4B",15.2457854672588,-1.66556545180592,0.524610490932299,-3.1748611219078,0.00149908229418443,0.0363537837796056
"SPATS1",25.2890409616143,1.8149684837803,0.57291273877217,3.16796670932824,0.00153509097582546,0.0365965264825955
"FAM64A",140.943339952175,1.25519664044709,0.396219065955996,3.16793599373758,0.00153525316711016,0.0365965264825955
"NOX5",8.25811460542185,-1.63905001206887,0.517336874576244,-3.16824508867927,0.00153362173482908,0.0365965264825955
"MYBL1",159.416141831711,1.06575363033724,0.336821499669238,3.16414965013758,0.00155536798085056,0.0367207864230622
"TMEM266",28.5258310942287,-1.09514067866695,0.346125230903512,-3.16400129458414,0.00155616103294947,0.0367207864230622
"FOXA2",756.742397979486,1.17894352390982,0.372789419454513,3.16249191201543,0.00156425080793618,0.0368124561776271
"POPDC2",197.905052293022,1.00522830757583,0.318285661806538,3.15825821958275,0.00158714904419775,0.0370525234864779
"SLCO5A1",132.311152070354,1.41650458892529,0.449867202245757,3.14871718110152,0.00163988818286236,0.0377303576790238
"CCDC36",6.11749799004671,1.71099236560159,0.543345386993997,3.14899584418573,0.00163832525096892,0.0377303576790238
"FPR2",131.80768752538,-1.85992715361101,0.591383743777046,-3.14504274624128,0.00166062563864275,0.037922962108836
"GPC6",381.147835499187,1.03034445034101,0.328666813112353,3.13492086585815,0.00171900476086559,0.0389157912813786
"MCP-1",2475.3135837609,-1.57064449401041,0.501625611064331,-3.13110905696756,0.00174147477556084,0.0392931467078541
"SYT9",39.7420334566077,1.14772634681359,0.367808592549125,3.12044462816701,0.00180578244141606,0.0401236608715149
"STMN2",157.123939927144,1.83985281627642,0.590333491742825,3.11663295749098,0.00182929170874455,0.0404407430914247
"NFAM1",630.309858641362,-1.26015965476511,0.404279280532223,-3.11705228402047,0.00182669172635181,0.0404407430914247
"BCL2A1",1291.78400788577,-1.07162466201674,0.343803520439704,-3.11696826328654,0.00182721241434802,0.0404407430914247
"B3GALT1",21.5564891099891,1.19301860581645,0.383107855021653,3.11405414997043,0.00184535618997924,0.0406419390318825
"SIGLEC5",933.529898312585,-1.14423856284974,0.367421141587142,-3.11424257707926,0.00184417802292527,0.0406419390318825
"IL32",8265.3065936512,-1.12247938307949,0.360545789784338,-3.11327829885603,0.00185021459804519,0.0406466843126389
"FGF10",159.652264467311,1.15850073012957,0.372540594104734,3.10973018366927,0.00187258314207726,0.0408816187464224
"ADRA1A",423.41766333564,1.35079712149558,0.435322694983959,3.10297886386409,0.00191583322505283,0.0413973987650284
"PCDH10",561.742640513441,1.51764904301267,0.489158494442607,3.10257117121522,0.00191847411478804,0.0413973987650284
"RBM20",71.5130820615721,1.24593097079036,0.402103123377202,3.09853591866181,0.00194479394138586,0.0417296533329964
"CNTN3",39.5344574601614,1.70996207104062,0.552679729059273,3.0939475090776,0.0019751242819935,0.0422167665093191
"HCST",293.732333657069,-1.52818469983862,0.494033234938963,-3.09328318777466,0.00197955139095042,0.0422167665093191
"SELE",28.8435799266639,-1.21197551125254,0.392344289886439,-3.08906117023735,0.0020079009269642,0.0423570329279713
"UBE2QL1",232.245170798658,-2.08241126452154,0.673797633055505,-3.09055888943735,0.00199780183886535,0.0423570329279713
"ARG1",8314.08846315116,-1.23662457539699,0.400523046040364,-3.08752414529565,0.00201831374643685,0.0424233558059578
"HSPB2",24.3192159441793,1.32332200175336,0.428864822292037,3.08563895420697,0.00203115292788979,0.0424761798117642
"CXCR2",68.8452493823516,-1.25242019744833,0.406127189148831,-3.08381273382158,0.00204366190819993,0.042648958701636
"LGR6",74.4510753730208,2.10408648356928,0.68264606552691,3.08225094939236,0.00205441562189558,0.0427208836279253
"KCNN2",898.342522408065,1.19821813055559,0.388747983467176,3.08224912157457,0.00205442823774705,0.0427208836279253
"IL34",140.698209345111,-1.12696793774681,0.365879275648664,-3.08016335647549,0.00206887088239737,0.0428631522505462
"GDF10",16.6614280961594,1.53424602596054,0.498405884678149,3.07830640272494,0.00208180746035734,0.0430346715742582
"CTSD",16551.5967704341,-1.18783400217784,0.388018826191402,-3.06127930398898,0.0022039340000521,0.0449751519894082
"GPR137C",19.4257862591584,1.26577308497962,0.414812525344588,3.05143410008687,0.00227751036839018,0.0457404265365895
"SHH",175.940175227628,1.52810914699931,0.501482405927628,3.04718396684857,0.00230996287592221,0.045970605074975
"IAPP",8.41022912212793,1.72591237728838,0.566742022673598,3.04532275398674,0.00232430733448771,0.0460365352031055
"SLC51A",1355.19662766121,-1.58506891462831,0.520736016373582,-3.04390106462534,0.00233531926898827,0.0461502314680763
"CLGN",21.8572735264192,1.09106973879133,0.359703378197913,3.03324851786911,0.00241936268035757,0.0470673568559786
"LUZP2",121.503659320837,1.60239938515154,0.528688690209068,3.03089401159285,0.0024383082251021,0.0471723815191986
"PLK3",215.249748372257,-1.06635129759206,0.351939980907933,-3.02992372404263,0.00244615507752689,0.0471723815191986
"ITGBL1",75.5178513943428,1.2848927363764,0.424680650510798,3.02555045734002,0.00248180991205614,0.0475947532860799
"FAM131C",91.8469620755604,-1.98234192714899,0.655507998298895,-3.02413079976651,0.00249348608066771,0.0477554192055635
"CASP4",1274.98517858728,-1.25391327374411,0.414810605110752,-3.02285731920793,0.00250400273430927,0.0478108875409172
"CFP",2873.4325066943,-1.06679959244551,0.353255633850515,-3.01990822005386,0.00252851294280247,0.0480691999082827
"ZBED2",18.0283100217793,1.6425739454422,0.544583560410286,3.01620185560631,0.00255962800213125,0.04834576773389
"PTP4A3",102.580958656916,1.01177122525694,0.335912943306553,3.01200428687739,0.00259528932410508,0.0488612051352214
"KCNA1",22.4717912752215,2.97879191198885,0.991382593852254,3.00468449865964,0.00265856464011934,0.0497026384045717
"UGT3A2",22.5474762134095,-1.60085847646813,0.532813685895176,-3.00453708087197,0.00265985334314259,0.0497026384045717
"KCTD16",17.3846481071029,1.05501312377657,0.351270589328406,3.00342002953805,0.00266963699915354,0.049779205770159
