"Gene","baseMean","log2FoldChange","lfcSE","stat","pvalue","padj"
"PLIN2",3590.21378490408,-3.26620790316886,0.882213871654286,-3.70228581539329,0.000213665718959804,0.0469813210277498
"MMP12",915.595403287574,-6.5212027080967,1.30703046798073,-4.98932723287734,6.05899349868336e-07,0.000754950589935947
"MS4A4A",99.279460772412,-4.47523767531925,1.19467766629327,-3.74597918885066,0.000179691488272196,0.044509637363354
"LOC100357294",15.6102162015261,-2.65259710537013,0.704144994023917,-3.76711774972874,0.000165143121666261,0.044509637363354
"GPX3",25348.7551833491,-4.79922895616663,1.03167328196877,-4.65188838370236,3.28909101788464e-06,0.00273213827218951
"FABP5",828.075607496502,-3.04470103067517,0.792534357326545,-3.84172749424499,0.000122171430308704,0.0380564005411614
"FABP4",216.777428901511,-5.00532381605137,1.28126862401708,-3.90653741317609,9.36281521357199e-05,0.0318165484257565
"BPI",485.991264662511,-4.45049232264065,1.15557799573849,-3.85131279675889,0.000117486321870272,0.0373756486086024
"LOC100343299",12804.6684958545,-5.16515401590256,1.29030823598731,-4.0030388645472,6.25340246071064e-05,0.0267145353121559
"CX3CL1",538.646857785048,-5.32060438256058,1.25452241593949,-4.24113934909332,2.22388006790105e-05,0.0127890210674063
"GPRC5B",278.536059994219,1.19837379355514,0.321170546047742,3.73126928450344,0.000190517441897716,0.044509637363354
"ACVR1C",79.4389251929733,2.69603308218772,0.494980763365931,5.44674314988397,5.13004589337093e-08,0.000127840743662804
"MPP4",17.446887735448,1.83744988838639,0.422889731760298,4.34498582109791,1.39284659535889e-05,0.00867743428908591
"SLC11A1",164.893697660563,-6.26414685324508,1.41520598897727,-4.42631454504514,9.58567194257921e-06,0.00623152029936715
"CLEC4E",164.384716796942,-4.52837498878417,1.15248715614205,-3.92921948383607,8.52220279217058e-05,0.0303390419401273
"LOC100350907",170.073375182408,-5.9305008404444,1.52636974985566,-3.88536319001684,0.000102177020785297,0.033211974234386
"GPNMB",1766.42595421987,-4.26537311719954,1.0442193594682,-4.08474816955302,4.41246450890126e-05,0.0212823126893844
"ESM1",61.3407306283654,-2.37794100317114,0.635212309124862,-3.74353734808328,0.000181447617500524,0.044509637363354
"LOC100349504",114.874046939116,-5.65095738692882,1.3559460591223,-4.16753848644,3.07906538586071e-05,0.0155903991258819
"SELE",5.28462685532192,-5.25350207710083,1.41177492877541,-3.72120369190703,0.000198275422511681,0.0449867698906368
"S100A6",1279.44618800086,-3.55167345561395,0.951646055000039,-3.73213700298879,0.000189862184919565,0.044509637363354
"S100A8",721.014898841495,-5.56879773938189,1.24130032493056,-4.48626140470352,7.24838034948349e-06,0.00507389325211717
"S100A12",352.991401302554,-5.49278602931118,1.22607845238832,-4.47996294088002,7.46560002317935e-06,0.00507389325211717
"S100A9",747.641509677325,-6.10963179321282,1.25865846923749,-4.85408229677596,1.20945505753869e-06,0.00129169800145132
"LOC100346209",117.152257217761,-4.57879613108795,1.16942177616177,-3.91543600814096,9.0240978077359e-05,0.0313786768421552
"LOC100349005",4147.78302989002,-4.24768308785735,1.1301911996085,-3.75837565301231,0.000171019992897243,0.044509637363354
"LOC100349257",2300.70493978815,-4.77556451319959,1.18907507467268,-4.01620100775738,5.91438158159558e-05,0.0267145353121559
"LOC100358539",5515.5579961429,-4.57020684478345,1.20803386583493,-3.78317775191241,0.000154838753401894,0.044509637363354
"LOC100343913",168.990434620045,-5.47895964385544,1.38163182987061,-3.96557138117507,7.32203353814634e-05,0.028964335116703
"LOC100344421",4154.25460070846,-5.82695041298687,1.48007883316252,-3.93691895487504,8.25344656777053e-05,0.0303390419401273
"SLC51A",1207.06570081488,-6.3027889430994,1.2468973112098,-5.05477787660325,4.30891966697471e-07,0.000715855187340065
"LOC100348666",67.2968382883992,-4.10259133728373,1.09917666808569,-3.73242214504858,0.000189647322895773,0.044509637363354
"SLC18A1",1661.16300056257,-8.28104594837782,1.43908756443957,-5.75437252951508,8.69641952390143e-09,3.70316267526486e-05
"PLAC8",3588.35758282387,-5.05152792333607,1.19744018107071,-4.21860565829617,2.45817771810073e-05,0.0136128419411267
"CXCL8",288.404115124757,-6.45647871944062,1.31768525135278,-4.89986414647367,9.59029456631466e-07,0.00110303141811951
"CHIT1",353.328634876466,-6.68433951695121,1.54579981173784,-4.32419480594739,1.5308997534591e-05,0.00915600524548821
"CHI3L1",411.344862699975,-5.52692818317613,1.322821813172,-4.17813505049714,2.93909129307698e-05,0.0155903991258819
"SLC51B",3391.58654027739,-7.79500500065631,1.37159851481104,-5.68315357335466,1.32233426251255e-08,3.95430837861753e-05
"LOC103351327",84.419970009139,1.68965463100843,0.37596807167404,4.4941439401624,6.98503707568805e-06,0.00507389325211717
"ANKRD1",126.729235393847,-8.03509495031315,1.60393739484316,-5.00960634507735,5.45414820009942e-07,0.000748570589198458
"SLC13A5",1163.37321169894,-5.16036319489912,1.28769227897463,-4.00745059915109,6.1377694383165e-05,0.0267145353121559
"CCL2",133.018545930131,-3.70299622748976,0.995209818288466,-3.72081962963154,0.000198577234669745,0.0449867698906368
"CCL5",734.280725379794,-6.19069715302547,1.31717872999682,-4.69996744712119,2.60202965185547e-06,0.00230428634519113
"PGF",312.946206272311,-7.30314293875749,1.4423345643832,-5.06341809944811,4.11805341182787e-07,0.000715855187340065
"RPS6KL1",527.810310699934,-5.22492276693802,1.38650937171658,-3.76840061345511,0.000164296875452455,0.044509637363354
"SCML2",13.9415268372609,1.40489758575742,0.375746359686931,3.73895195399357,0.000184789036600875,0.044509637363354
"LOC100342837",71.1767591511519,-23.5213023864392,3.50472048230936,-6.71132049051182,1.92870963562655e-11,2.88380664718882e-07
"ORM1",48563.4149896089,-8.36104373396864,1.458580195013,-5.7323167848814,9.90680223452342e-09,3.70316267526486e-05
"MCP-1",79.1113441922875,-4.59216278371063,1.22723455455306,-3.74187865447043,0.000182649710421493,0.044509637363354
"RSAD2",2111.89962246386,-4.90355819887253,1.30665929445105,-3.75274428437184,0.000174909250969983,0.044509637363354
"LOC108178941",98.7379943871776,-4.97072975331617,1.25741166236458,-3.95314430595359,7.71308879018531e-05,0.0295707957925258
"FANK1",15.1267669125191,1.57403518564399,0.412309103274539,3.81760958742623,0.000134750938267044,0.0411182863054866
"SAA3",5398.54680703892,-6.3635928211793,1.35436831380945,-4.69856888727729,2.61990823088879e-06,0.00230428634519113
"LOC100342244",9306.57754769914,-5.68798791885645,1.13583815175558,-5.00774508240014,5.50714050373397e-07,0.000748570589198458
"LOC100009259",93402.1432698554,-7.40486496539124,1.39666965473028,-5.3018012815788,1.14665619112844e-07,0.000244925762425034
"LOC100356242",5241.70714869251,-5.38100600732653,1.33735362953059,-4.02362239014915,5.73097797701527e-05,0.0267145353121559
"HCST",111.093292854453,-5.0079461466413,1.26326139163735,-3.96429921771801,7.36118736245797e-05,0.028964335116703
"FPR2",99.6561703361764,-5.23166126401504,1.3419746024214,-3.8984800864154,9.67983594361117e-05,0.0321628682286387
"LOC103345547",17.9691822353777,2.61373208775206,0.569928636517244,4.5860690624781,4.51669249554167e-06,0.00355439927333364
"LOC100348443",336.80948561454,-6.78648729481743,1.40309630019362,-4.83679366404211,1.31950273877343e-06,0.00131528033000936
"ACTA1",676.150035652912,-8.8539541075487,2.36664902622844,-3.74113525471016,0.000183190895332573,0.044509637363354
"NLRP3",97.9400471454175,-4.07801223500998,1.03671796842856,-3.93357919819925,8.36902462829014e-05,0.0303390419401273
"RN18S",4356.95181222619,-1.95848423346015,0.521404089940474,-3.75617351540863,0.000172531094544966,0.044509637363354
"CACNA1E_1",44.1869846112246,2.39116747001885,0.64378974964841,3.71420556373371,0.000203843049610759,0.0454904668325384
"LOC100350385",118.544502728521,-5.32219847667363,1.34024769317126,-3.97105587556012,7.15547930564399e-05,0.028964335116703
